# Group, Points, X-coord, Y-coord, Z-coord
1.000000,1.000000,0.255300,-0.000000,0.000000
1.000000,2.000000,0.255069,0.000045,0.000000
1.000000,3.000000,0.254838,0.000089,0.000000
1.000000,4.000000,0.254607,0.000133,0.000000
1.000000,5.000000,0.254376,0.000177,0.000000
1.000000,6.000000,0.254145,0.000220,0.000000
1.000000,7.000000,0.253914,0.000263,0.000000
1.000000,8.000000,0.253684,0.000306,0.000000
1.000000,9.000000,0.253453,0.000349,0.000000
1.000000,10.000000,0.253222,0.000391,0.000000
1.000000,11.000000,0.252991,0.000433,0.000000
1.000000,12.000000,0.252760,0.000475,0.000000
1.000000,13.000000,0.252529,0.000517,0.000000
1.000000,14.000000,0.252298,0.000558,0.000000
1.000000,15.000000,0.252067,0.000599,0.000000
1.000000,16.000000,0.251836,0.000640,0.000000
1.000000,17.000000,0.251605,0.000681,0.000000
1.000000,18.000000,0.251374,0.000721,0.000000
1.000000,19.000000,0.251143,0.000761,0.000000
1.000000,20.000000,0.250912,0.000801,0.000000
1.000000,21.000000,0.250682,0.000840,0.000000
1.000000,22.000000,0.250451,0.000880,0.000000
1.000000,23.000000,0.250220,0.000919,0.000000
1.000000,24.000000,0.249989,0.000958,0.000000
1.000000,25.000000,0.249758,0.000996,0.000000
1.000000,26.000000,0.249527,0.001035,0.000000
1.000000,27.000000,0.249296,0.001073,0.000000
1.000000,28.000000,0.249065,0.001111,0.000000
1.000000,29.000000,0.248834,0.001148,0.000000
1.000000,30.000000,0.248603,0.001186,0.000000
1.000000,31.000000,0.248372,0.001223,0.000000
1.000000,32.000000,0.248141,0.001260,0.000000
1.000000,33.000000,0.247910,0.001297,0.000000
1.000000,34.000000,0.247679,0.001333,0.000000
1.000000,35.000000,0.247449,0.001369,0.000000
1.000000,36.000000,0.247218,0.001406,0.000000
1.000000,37.000000,0.246987,0.001441,0.000000
1.000000,38.000000,0.246756,0.001477,0.000000
1.000000,39.000000,0.246525,0.001512,0.000000
1.000000,40.000000,0.246294,0.001548,0.000000
1.000000,41.000000,0.246063,0.001583,0.000000
1.000000,42.000000,0.245832,0.001617,0.000000
1.000000,43.000000,0.245601,0.001652,0.000000
1.000000,44.000000,0.245370,0.001686,0.000000
1.000000,45.000000,0.245139,0.001720,0.000000
1.000000,46.000000,0.244908,0.001754,0.000000
1.000000,47.000000,0.244677,0.001788,0.000000
1.000000,48.000000,0.244447,0.001821,0.000000
1.000000,49.000000,0.244216,0.001854,0.000000
1.000000,50.000000,0.243985,0.001887,0.000000
1.000000,51.000000,0.243754,0.001920,0.000000
1.000000,52.000000,0.243523,0.001953,0.000000
1.000000,53.000000,0.243292,0.001985,0.000000
1.000000,54.000000,0.243061,0.002017,0.000000
1.000000,55.000000,0.242830,0.002049,0.000000
1.000000,56.000000,0.242599,0.002081,0.000000
1.000000,57.000000,0.242368,0.002112,0.000000
1.000000,58.000000,0.242137,0.002143,0.000000
1.000000,59.000000,0.241906,0.002174,0.000000
1.000000,60.000000,0.241675,0.002205,0.000000
1.000000,61.000000,0.241445,0.002236,0.000000
1.000000,62.000000,0.241214,0.002266,0.000000
1.000000,63.000000,0.240983,0.002296,0.000000
1.000000,64.000000,0.240752,0.002326,0.000000
1.000000,65.000000,0.240521,0.002355,0.000000
1.000000,66.000000,0.240290,0.002385,0.000000
1.000000,67.000000,0.240059,0.002414,0.000000
1.000000,68.000000,0.239828,0.002443,0.000000
1.000000,69.000000,0.239597,0.002471,0.000000
1.000000,70.000000,0.239366,0.002500,0.000000
1.000000,71.000000,0.239135,0.002528,0.000000
1.000000,72.000000,0.238904,0.002556,0.000000
1.000000,73.000000,0.238673,0.002584,0.000000
1.000000,74.000000,0.238443,0.002611,0.000000
1.000000,75.000000,0.238212,0.002638,0.000000
1.000000,76.000000,0.237981,0.002665,0.000000
1.000000,77.000000,0.237750,0.002692,0.000000
1.000000,78.000000,0.237519,0.002719,0.000000
1.000000,79.000000,0.237288,0.002745,0.000000
1.000000,80.000000,0.237057,0.002771,0.000000
1.000000,81.000000,0.236826,0.002796,0.000000
1.000000,82.000000,0.236595,0.002822,0.000000
1.000000,83.000000,0.236364,0.002847,0.000000
1.000000,84.000000,0.236133,0.002872,0.000000
1.000000,85.000000,0.235902,0.002896,0.000000
1.000000,86.000000,0.235671,0.002921,0.000000
1.000000,87.000000,0.235440,0.002945,0.000000
1.000000,88.000000,0.235210,0.002968,0.000000
1.000000,89.000000,0.234979,0.002992,0.000000
1.000000,90.000000,0.234748,0.003015,0.000000
1.000000,91.000000,0.234517,0.003038,0.000000
1.000000,92.000000,0.234286,0.003060,0.000000
1.000000,93.000000,0.234055,0.003082,0.000000
1.000000,94.000000,0.233824,0.003104,0.000000
1.000000,95.000000,0.233593,0.003126,0.000000
1.000000,96.000000,0.233362,0.003147,0.000000
1.000000,97.000000,0.233131,0.003168,0.000000
1.000000,98.000000,0.232900,0.003189,0.000000
1.000000,99.000000,0.232669,0.003209,0.000000
1.000000,100.000000,0.232438,0.003229,0.000000
1.000000,101.000000,0.232208,0.003249,0.000000
1.000000,102.000000,0.231977,0.003268,0.000000
1.000000,103.000000,0.231746,0.003287,0.000000
1.000000,104.000000,0.231515,0.003305,0.000000
1.000000,105.000000,0.231284,0.003324,0.000000
1.000000,106.000000,0.231053,0.003342,0.000000
1.000000,107.000000,0.230822,0.003359,0.000000
1.000000,108.000000,0.230591,0.003376,0.000000
1.000000,109.000000,0.230360,0.003393,0.000000
1.000000,110.000000,0.230129,0.003409,0.000000
1.000000,111.000000,0.229898,0.003425,0.000000
1.000000,112.000000,0.229667,0.003440,0.000000
1.000000,113.000000,0.229436,0.003456,0.000000
1.000000,114.000000,0.229206,0.003470,0.000000
1.000000,115.000000,0.228975,0.003484,0.000000
1.000000,116.000000,0.228744,0.003498,0.000000
1.000000,117.000000,0.228513,0.003512,0.000000
1.000000,118.000000,0.228282,0.003525,0.000000
1.000000,119.000000,0.228051,0.003537,0.000000
1.000000,120.000000,0.227820,0.003549,0.000000
1.000000,121.000000,0.227589,0.003560,0.000000
1.000000,122.000000,0.227358,0.003572,0.000000
1.000000,123.000000,0.227127,0.003582,0.000000
1.000000,124.000000,0.226896,0.003592,0.000000
1.000000,125.000000,0.226665,0.003602,0.000000
1.000000,126.000000,0.226434,0.003611,0.000000
1.000000,127.000000,0.226203,0.003619,0.000000
1.000000,128.000000,0.225973,0.003627,0.000000
1.000000,129.000000,0.225742,0.003635,0.000000
1.000000,130.000000,0.225511,0.003641,0.000000
1.000000,131.000000,0.225280,0.003648,0.000000
1.000000,132.000000,0.225049,0.003653,0.000000
1.000000,133.000000,0.224818,0.003659,0.000000
1.000000,134.000000,0.224587,0.003663,0.000000
1.000000,135.000000,0.224356,0.003667,0.000000
1.000000,136.000000,0.224125,0.003670,0.000000
1.000000,137.000000,0.223894,0.003673,0.000000
1.000000,138.000000,0.223663,0.003675,0.000000
1.000000,139.000000,0.223432,0.003676,0.000000
1.000000,140.000000,0.223201,0.003677,0.000000
1.000000,141.000000,0.222971,0.003677,0.000000
1.000000,142.000000,0.222740,0.003676,0.000000
1.000000,143.000000,0.222509,0.003674,0.000000
1.000000,144.000000,0.222278,0.003672,0.000000
1.000000,145.000000,0.222047,0.003669,0.000000
1.000000,146.000000,0.221816,0.003665,0.000000
1.000000,147.000000,0.221585,0.003661,0.000000
1.000000,148.000000,0.221354,0.003655,0.000000
1.000000,149.000000,0.221123,0.003649,0.000000
1.000000,150.000000,0.220892,0.003642,0.000000
1.000000,151.000000,0.220661,0.003634,0.000000
1.000000,152.000000,0.220430,0.003625,0.000000
1.000000,153.000000,0.220199,0.003615,0.000000
1.000000,154.000000,0.219969,0.003605,0.000000
1.000000,155.000000,0.219738,0.003593,0.000000
1.000000,156.000000,0.219507,0.003580,0.000000
1.000000,157.000000,0.219276,0.003566,0.000000
1.000000,158.000000,0.219045,0.003552,0.000000
1.000000,159.000000,0.218814,0.003536,0.000000
1.000000,160.000000,0.218583,0.003519,0.000000
1.000000,161.000000,0.218352,0.003501,0.000000
1.000000,162.000000,0.218121,0.003482,0.000000
1.000000,163.000000,0.217890,0.003461,0.000000
1.000000,164.000000,0.217659,0.003439,0.000000
1.000000,165.000000,0.217428,0.003416,0.000000
1.000000,166.000000,0.217197,0.003392,0.000000
1.000000,167.000000,0.216967,0.003366,0.000000
1.000000,168.000000,0.216736,0.003339,0.000000
1.000000,169.000000,0.216505,0.003310,0.000000
1.000000,170.000000,0.216274,0.003280,0.000000
1.000000,171.000000,0.216043,0.003248,0.000000
1.000000,172.000000,0.215812,0.003214,0.000000
1.000000,173.000000,0.215581,0.003179,0.000000
1.000000,174.000000,0.215350,0.003142,0.000000
1.000000,175.000000,0.215119,0.003103,0.000000
1.000000,176.000000,0.214888,0.003061,0.000000
1.000000,177.000000,0.214657,0.003018,0.000000
1.000000,178.000000,0.214426,0.002973,0.000000
1.000000,179.000000,0.214195,0.002925,0.000000
1.000000,180.000000,0.213964,0.002874,0.000000
1.000000,181.000000,0.213734,0.002821,0.000000
1.000000,182.000000,0.213503,0.002765,0.000000
1.000000,183.000000,0.213272,0.002706,0.000000
1.000000,184.000000,0.213041,0.002644,0.000000
1.000000,185.000000,0.212810,0.002578,0.000000
1.000000,186.000000,0.212579,0.002509,0.000000
1.000000,187.000000,0.212348,0.002435,0.000000
1.000000,188.000000,0.212117,0.002356,0.000000
1.000000,189.000000,0.209346,0.002224,0.000000
1.000000,190.000000,0.208294,0.002602,0.000000
1.000000,191.000000,0.207242,0.002975,0.000000
1.000000,192.000000,0.206190,0.003344,0.000000
1.000000,193.000000,0.205138,0.003709,0.000000
1.000000,194.000000,0.204086,0.004070,0.000000
1.000000,195.000000,0.203034,0.004426,0.000000
1.000000,196.000000,0.201982,0.004778,0.000000
1.000000,197.000000,0.200930,0.005125,0.000000
1.000000,198.000000,0.199878,0.005469,0.000000
1.000000,199.000000,0.198826,0.005808,0.000000
1.000000,200.000000,0.197774,0.006143,0.000000
1.000000,201.000000,0.196722,0.006474,0.000000
1.000000,202.000000,0.195670,0.006801,0.000000
1.000000,203.000000,0.194618,0.007124,0.000000
1.000000,204.000000,0.193566,0.007442,0.000000
1.000000,205.000000,0.192514,0.007757,0.000000
1.000000,206.000000,0.191462,0.008067,0.000000
1.000000,207.000000,0.190410,0.008373,0.000000
1.000000,208.000000,0.189358,0.008676,0.000000
1.000000,209.000000,0.188306,0.008974,0.000000
1.000000,210.000000,0.187254,0.009268,0.000000
1.000000,211.000000,0.186202,0.009559,0.000000
1.000000,212.000000,0.185150,0.009845,0.000000
1.000000,213.000000,0.184098,0.010127,0.000000
1.000000,214.000000,0.183046,0.010406,0.000000
1.000000,215.000000,0.181994,0.010680,0.000000
1.000000,216.000000,0.180942,0.010951,0.000000
1.000000,217.000000,0.179890,0.011218,0.000000
1.000000,218.000000,0.178838,0.011481,0.000000
1.000000,219.000000,0.177786,0.011740,0.000000
1.000000,220.000000,0.176734,0.011995,0.000000
1.000000,221.000000,0.175682,0.012246,0.000000
1.000000,222.000000,0.174630,0.012494,0.000000
1.000000,223.000000,0.173578,0.012738,0.000000
1.000000,224.000000,0.172526,0.012978,0.000000
1.000000,225.000000,0.171474,0.013215,0.000000
1.000000,226.000000,0.170422,0.013447,0.000000
1.000000,227.000000,0.169370,0.013676,0.000000
1.000000,228.000000,0.168318,0.013902,0.000000
1.000000,229.000000,0.167266,0.014123,0.000000
1.000000,230.000000,0.166214,0.014341,0.000000
1.000000,231.000000,0.165162,0.014556,0.000000
1.000000,232.000000,0.164110,0.014767,0.000000
1.000000,233.000000,0.163058,0.014974,0.000000
1.000000,234.000000,0.162006,0.015177,0.000000
1.000000,235.000000,0.160954,0.015378,0.000000
1.000000,236.000000,0.159902,0.015574,0.000000
1.000000,237.000000,0.158850,0.015767,0.000000
1.000000,238.000000,0.157798,0.015957,0.000000
1.000000,239.000000,0.156747,0.016143,0.000000
1.000000,240.000000,0.155695,0.016325,0.000000
1.000000,241.000000,0.154643,0.016505,0.000000
1.000000,242.000000,0.153591,0.016680,0.000000
1.000000,243.000000,0.152539,0.016853,0.000000
1.000000,244.000000,0.151487,0.017022,0.000000
1.000000,245.000000,0.150435,0.017187,0.000000
1.000000,246.000000,0.149383,0.017349,0.000000
1.000000,247.000000,0.148331,0.017508,0.000000
1.000000,248.000000,0.147279,0.017664,0.000000
1.000000,249.000000,0.146227,0.017816,0.000000
1.000000,250.000000,0.145175,0.017965,0.000000
1.000000,251.000000,0.144123,0.018111,0.000000
1.000000,252.000000,0.143071,0.018254,0.000000
1.000000,253.000000,0.142019,0.018393,0.000000
1.000000,254.000000,0.140967,0.018529,0.000000
1.000000,255.000000,0.139915,0.018662,0.000000
1.000000,256.000000,0.138863,0.018791,0.000000
1.000000,257.000000,0.137811,0.018918,0.000000
1.000000,258.000000,0.136759,0.019041,0.000000
1.000000,259.000000,0.135707,0.019162,0.000000
1.000000,260.000000,0.134655,0.019279,0.000000
1.000000,261.000000,0.133603,0.019393,0.000000
1.000000,262.000000,0.132551,0.019504,0.000000
1.000000,263.000000,0.131499,0.019612,0.000000
1.000000,264.000000,0.130447,0.019717,0.000000
1.000000,265.000000,0.129395,0.019819,0.000000
1.000000,266.000000,0.128343,0.019918,0.000000
1.000000,267.000000,0.127291,0.020014,0.000000
1.000000,268.000000,0.126239,0.020107,0.000000
1.000000,269.000000,0.125187,0.020197,0.000000
1.000000,270.000000,0.124135,0.020284,0.000000
1.000000,271.000000,0.123083,0.020368,0.000000
1.000000,272.000000,0.122031,0.020450,0.000000
1.000000,273.000000,0.120979,0.020528,0.000000
1.000000,274.000000,0.119927,0.020604,0.000000
1.000000,275.000000,0.118875,0.020677,0.000000
1.000000,276.000000,0.117823,0.020747,0.000000
1.000000,277.000000,0.116771,0.020814,0.000000
1.000000,278.000000,0.115719,0.020878,0.000000
1.000000,279.000000,0.114667,0.020940,0.000000
1.000000,280.000000,0.113615,0.020999,0.000000
1.000000,281.000000,0.112563,0.021055,0.000000
1.000000,282.000000,0.111511,0.021109,0.000000
1.000000,283.000000,0.110459,0.021160,0.000000
1.000000,284.000000,0.109407,0.021208,0.000000
1.000000,285.000000,0.108355,0.021253,0.000000
1.000000,286.000000,0.107303,0.021296,0.000000
1.000000,287.000000,0.106251,0.021337,0.000000
1.000000,288.000000,0.105199,0.021374,0.000000
1.000000,289.000000,0.104147,0.021409,0.000000
1.000000,290.000000,0.103095,0.021442,0.000000
1.000000,291.000000,0.102043,0.021472,0.000000
1.000000,292.000000,0.100991,0.021499,0.000000
1.000000,293.000000,0.099939,0.021524,0.000000
1.000000,294.000000,0.098887,0.021547,0.000000
1.000000,295.000000,0.097835,0.021567,0.000000
1.000000,296.000000,0.096783,0.021584,0.000000
1.000000,297.000000,0.095731,0.021599,0.000000
1.000000,298.000000,0.094679,0.021612,0.000000
1.000000,299.000000,0.093627,0.021622,0.000000
1.000000,300.000000,0.092575,0.021630,0.000000
1.000000,301.000000,0.091523,0.021636,0.000000
1.000000,302.000000,0.090471,0.021639,0.000000
1.000000,303.000000,0.089419,0.021640,0.000000
1.000000,304.000000,0.088367,0.021638,0.000000
1.000000,305.000000,0.087315,0.021635,0.000000
1.000000,306.000000,0.086263,0.021629,0.000000
1.000000,307.000000,0.085211,0.021620,0.000000
1.000000,308.000000,0.084159,0.021610,0.000000
1.000000,309.000000,0.083107,0.021596,0.000000
1.000000,310.000000,0.082055,0.021581,0.000000
1.000000,311.000000,0.081003,0.021563,0.000000
1.000000,312.000000,0.079951,0.021543,0.000000
1.000000,313.000000,0.078899,0.021521,0.000000
1.000000,314.000000,0.077847,0.021496,0.000000
1.000000,315.000000,0.076795,0.021469,0.000000
1.000000,316.000000,0.075743,0.021439,0.000000
1.000000,317.000000,0.074691,0.021407,0.000000
1.000000,318.000000,0.073639,0.021373,0.000000
1.000000,319.000000,0.072587,0.021336,0.000000
1.000000,320.000000,0.071535,0.021297,0.000000
1.000000,321.000000,0.070483,0.021255,0.000000
1.000000,322.000000,0.069431,0.021211,0.000000
1.000000,323.000000,0.068379,0.021164,0.000000
1.000000,324.000000,0.067327,0.021115,0.000000
1.000000,325.000000,0.066275,0.021063,0.000000
1.000000,326.000000,0.065223,0.021008,0.000000
1.000000,327.000000,0.064171,0.020951,0.000000
1.000000,328.000000,0.063119,0.020891,0.000000
1.000000,329.000000,0.062067,0.020829,0.000000
1.000000,330.000000,0.061015,0.020764,0.000000
1.000000,331.000000,0.059963,0.020696,0.000000
1.000000,332.000000,0.058911,0.020625,0.000000
1.000000,333.000000,0.057859,0.020551,0.000000
1.000000,334.000000,0.056807,0.020474,0.000000
1.000000,335.000000,0.055755,0.020395,0.000000
1.000000,336.000000,0.054703,0.020312,0.000000
1.000000,337.000000,0.053651,0.020226,0.000000
1.000000,338.000000,0.052599,0.020137,0.000000
1.000000,339.000000,0.051548,0.020045,0.000000
1.000000,340.000000,0.050496,0.019950,0.000000
1.000000,341.000000,0.049444,0.019851,0.000000
1.000000,342.000000,0.048392,0.019748,0.000000
1.000000,343.000000,0.047340,0.019643,0.000000
1.000000,344.000000,0.046288,0.019533,0.000000
1.000000,345.000000,0.045236,0.019420,0.000000
1.000000,346.000000,0.044184,0.019303,0.000000
1.000000,347.000000,0.043132,0.019181,0.000000
1.000000,348.000000,0.042080,0.019056,0.000000
1.000000,349.000000,0.041028,0.018926,0.000000
1.000000,350.000000,0.039976,0.018792,0.000000
1.000000,351.000000,0.038924,0.018654,0.000000
1.000000,352.000000,0.037872,0.018510,0.000000
1.000000,353.000000,0.036820,0.018362,0.000000
1.000000,354.000000,0.035768,0.018209,0.000000
1.000000,355.000000,0.034716,0.018050,0.000000
1.000000,356.000000,0.033664,0.017885,0.000000
1.000000,357.000000,0.032612,0.017715,0.000000
1.000000,358.000000,0.031560,0.017539,0.000000
1.000000,359.000000,0.030508,0.017356,0.000000
1.000000,360.000000,0.029456,0.017166,0.000000
1.000000,361.000000,0.028404,0.016969,0.000000
1.000000,362.000000,0.027352,0.016765,0.000000
1.000000,363.000000,0.026300,0.016552,0.000000
1.000000,364.000000,0.025248,0.016332,0.000000
1.000000,365.000000,0.024196,0.016101,0.000000
1.000000,366.000000,0.023144,0.015862,0.000000
1.000000,367.000000,0.022092,0.015612,0.000000
1.000000,368.000000,0.021040,0.015350,0.000000
1.000000,369.000000,0.019988,0.015077,0.000000
1.000000,370.000000,0.018936,0.014791,0.000000
1.000000,371.000000,0.017884,0.014490,0.000000
1.000000,372.000000,0.016832,0.014175,0.000000
1.000000,373.000000,0.015780,0.013842,0.000000
1.000000,374.000000,0.014728,0.013490,0.000000
1.000000,375.000000,0.013676,0.013117,0.000000
1.000000,376.000000,0.012624,0.012721,0.000000
1.000000,377.000000,0.011572,0.012299,0.000000
1.000000,378.000000,0.010520,0.011846,0.000000
1.000000,379.000000,0.009468,0.011358,0.000000
1.000000,380.000000,0.008416,0.010828,0.000000
1.000000,381.000000,0.007364,0.010249,0.000000
1.000000,382.000000,0.006312,0.009609,0.000000
1.000000,383.000000,0.005260,0.008892,0.000000
1.000000,384.000000,0.004208,0.008073,0.000000
1.000000,385.000000,0.003156,0.007110,0.000000
1.000000,386.000000,0.002104,0.005921,0.000000
1.000000,387.000000,0.001052,0.004294,0.000000
1.000000,388.000000,0.000000,0.000000,0.000000
1.000000,389.000000,0.000000,-0.000000,0.000000
1.000000,390.000000,0.001052,-0.004294,0.000000
1.000000,391.000000,0.002104,-0.005921,0.000000
1.000000,392.000000,0.003156,-0.007110,0.000000
1.000000,393.000000,0.004208,-0.008073,0.000000
1.000000,394.000000,0.005260,-0.008892,0.000000
1.000000,395.000000,0.006312,-0.009609,0.000000
1.000000,396.000000,0.007364,-0.010249,0.000000
1.000000,397.000000,0.008416,-0.010828,0.000000
1.000000,398.000000,0.009468,-0.011358,0.000000
1.000000,399.000000,0.010520,-0.011846,0.000000
1.000000,400.000000,0.011572,-0.012299,0.000000
1.000000,401.000000,0.012624,-0.012721,0.000000
1.000000,402.000000,0.013676,-0.013117,0.000000
1.000000,403.000000,0.014728,-0.013490,0.000000
1.000000,404.000000,0.015780,-0.013842,0.000000
1.000000,405.000000,0.016832,-0.014175,0.000000
1.000000,406.000000,0.017884,-0.014490,0.000000
1.000000,407.000000,0.018936,-0.014791,0.000000
1.000000,408.000000,0.019988,-0.015077,0.000000
1.000000,409.000000,0.021040,-0.015350,0.000000
1.000000,410.000000,0.022092,-0.015612,0.000000
1.000000,411.000000,0.023144,-0.015862,0.000000
1.000000,412.000000,0.024196,-0.016101,0.000000
1.000000,413.000000,0.025248,-0.016332,0.000000
1.000000,414.000000,0.026300,-0.016552,0.000000
1.000000,415.000000,0.027352,-0.016765,0.000000
1.000000,416.000000,0.028404,-0.016969,0.000000
1.000000,417.000000,0.029456,-0.017166,0.000000
1.000000,418.000000,0.030508,-0.017356,0.000000
1.000000,419.000000,0.031560,-0.017539,0.000000
1.000000,420.000000,0.032612,-0.017715,0.000000
1.000000,421.000000,0.033664,-0.017885,0.000000
1.000000,422.000000,0.034716,-0.018050,0.000000
1.000000,423.000000,0.035768,-0.018209,0.000000
1.000000,424.000000,0.036820,-0.018362,0.000000
1.000000,425.000000,0.037872,-0.018510,0.000000
1.000000,426.000000,0.038924,-0.018654,0.000000
1.000000,427.000000,0.039976,-0.018792,0.000000
1.000000,428.000000,0.041028,-0.018926,0.000000
1.000000,429.000000,0.042080,-0.019056,0.000000
1.000000,430.000000,0.043132,-0.019181,0.000000
1.000000,431.000000,0.044184,-0.019303,0.000000
1.000000,432.000000,0.045236,-0.019420,0.000000
1.000000,433.000000,0.046288,-0.019533,0.000000
1.000000,434.000000,0.047340,-0.019643,0.000000
1.000000,435.000000,0.048392,-0.019748,0.000000
1.000000,436.000000,0.049444,-0.019851,0.000000
1.000000,437.000000,0.050496,-0.019950,0.000000
1.000000,438.000000,0.051548,-0.020045,0.000000
1.000000,439.000000,0.052599,-0.020137,0.000000
1.000000,440.000000,0.053651,-0.020226,0.000000
1.000000,441.000000,0.054703,-0.020312,0.000000
1.000000,442.000000,0.055755,-0.020395,0.000000
1.000000,443.000000,0.056807,-0.020474,0.000000
1.000000,444.000000,0.057859,-0.020551,0.000000
1.000000,445.000000,0.058911,-0.020625,0.000000
1.000000,446.000000,0.059963,-0.020696,0.000000
1.000000,447.000000,0.061015,-0.020764,0.000000
1.000000,448.000000,0.062067,-0.020829,0.000000
1.000000,449.000000,0.063119,-0.020891,0.000000
1.000000,450.000000,0.064171,-0.020951,0.000000
1.000000,451.000000,0.065223,-0.021008,0.000000
1.000000,452.000000,0.066275,-0.021063,0.000000
1.000000,453.000000,0.067327,-0.021115,0.000000
1.000000,454.000000,0.068379,-0.021164,0.000000
1.000000,455.000000,0.069431,-0.021211,0.000000
1.000000,456.000000,0.070483,-0.021255,0.000000
1.000000,457.000000,0.071535,-0.021297,0.000000
1.000000,458.000000,0.072587,-0.021336,0.000000
1.000000,459.000000,0.073639,-0.021373,0.000000
1.000000,460.000000,0.074691,-0.021407,0.000000
1.000000,461.000000,0.075743,-0.021439,0.000000
1.000000,462.000000,0.076795,-0.021469,0.000000
1.000000,463.000000,0.077847,-0.021496,0.000000
1.000000,464.000000,0.078899,-0.021521,0.000000
1.000000,465.000000,0.079951,-0.021543,0.000000
1.000000,466.000000,0.081003,-0.021563,0.000000
1.000000,467.000000,0.082055,-0.021581,0.000000
1.000000,468.000000,0.083107,-0.021596,0.000000
1.000000,469.000000,0.084159,-0.021610,0.000000
1.000000,470.000000,0.085211,-0.021620,0.000000
1.000000,471.000000,0.086263,-0.021629,0.000000
1.000000,472.000000,0.087315,-0.021635,0.000000
1.000000,473.000000,0.088367,-0.021638,0.000000
1.000000,474.000000,0.089419,-0.021640,0.000000
1.000000,475.000000,0.090471,-0.021639,0.000000
1.000000,476.000000,0.091523,-0.021636,0.000000
1.000000,477.000000,0.092575,-0.021630,0.000000
1.000000,478.000000,0.093627,-0.021622,0.000000
1.000000,479.000000,0.094679,-0.021612,0.000000
1.000000,480.000000,0.095731,-0.021599,0.000000
1.000000,481.000000,0.096783,-0.021584,0.000000
1.000000,482.000000,0.097835,-0.021567,0.000000
1.000000,483.000000,0.098887,-0.021547,0.000000
1.000000,484.000000,0.099939,-0.021524,0.000000
1.000000,485.000000,0.100991,-0.021499,0.000000
1.000000,486.000000,0.102043,-0.021472,0.000000
1.000000,487.000000,0.103095,-0.021442,0.000000
1.000000,488.000000,0.104147,-0.021409,0.000000
1.000000,489.000000,0.105199,-0.021374,0.000000
1.000000,490.000000,0.106251,-0.021337,0.000000
1.000000,491.000000,0.107303,-0.021296,0.000000
1.000000,492.000000,0.108355,-0.021253,0.000000
1.000000,493.000000,0.109407,-0.021208,0.000000
1.000000,494.000000,0.110459,-0.021160,0.000000
1.000000,495.000000,0.111511,-0.021109,0.000000
1.000000,496.000000,0.112563,-0.021055,0.000000
1.000000,497.000000,0.113615,-0.020999,0.000000
1.000000,498.000000,0.114667,-0.020940,0.000000
1.000000,499.000000,0.115719,-0.020878,0.000000
1.000000,500.000000,0.116771,-0.020814,0.000000
1.000000,501.000000,0.117823,-0.020747,0.000000
1.000000,502.000000,0.118875,-0.020677,0.000000
1.000000,503.000000,0.119927,-0.020604,0.000000
1.000000,504.000000,0.120979,-0.020528,0.000000
1.000000,505.000000,0.122031,-0.020450,0.000000
1.000000,506.000000,0.123083,-0.020368,0.000000
1.000000,507.000000,0.124135,-0.020284,0.000000
1.000000,508.000000,0.125187,-0.020197,0.000000
1.000000,509.000000,0.126239,-0.020107,0.000000
1.000000,510.000000,0.127291,-0.020014,0.000000
1.000000,511.000000,0.128343,-0.019918,0.000000
1.000000,512.000000,0.129395,-0.019819,0.000000
1.000000,513.000000,0.130447,-0.019717,0.000000
1.000000,514.000000,0.131499,-0.019612,0.000000
1.000000,515.000000,0.132551,-0.019504,0.000000
1.000000,516.000000,0.133603,-0.019393,0.000000
1.000000,517.000000,0.134655,-0.019279,0.000000
1.000000,518.000000,0.135707,-0.019162,0.000000
1.000000,519.000000,0.136759,-0.019041,0.000000
1.000000,520.000000,0.137811,-0.018918,0.000000
1.000000,521.000000,0.138863,-0.018791,0.000000
1.000000,522.000000,0.139915,-0.018662,0.000000
1.000000,523.000000,0.140967,-0.018529,0.000000
1.000000,524.000000,0.142019,-0.018393,0.000000
1.000000,525.000000,0.143071,-0.018254,0.000000
1.000000,526.000000,0.144123,-0.018111,0.000000
1.000000,527.000000,0.145175,-0.017965,0.000000
1.000000,528.000000,0.146227,-0.017816,0.000000
1.000000,529.000000,0.147279,-0.017664,0.000000
1.000000,530.000000,0.148331,-0.017508,0.000000
1.000000,531.000000,0.149383,-0.017349,0.000000
1.000000,532.000000,0.150435,-0.017187,0.000000
1.000000,533.000000,0.151487,-0.017022,0.000000
1.000000,534.000000,0.152539,-0.016853,0.000000
1.000000,535.000000,0.153591,-0.016680,0.000000
1.000000,536.000000,0.154643,-0.016505,0.000000
1.000000,537.000000,0.155695,-0.016325,0.000000
1.000000,538.000000,0.156747,-0.016143,0.000000
1.000000,539.000000,0.157798,-0.015957,0.000000
1.000000,540.000000,0.158850,-0.015767,0.000000
1.000000,541.000000,0.159902,-0.015574,0.000000
1.000000,542.000000,0.160954,-0.015378,0.000000
1.000000,543.000000,0.162006,-0.015177,0.000000
1.000000,544.000000,0.163058,-0.014974,0.000000
1.000000,545.000000,0.164110,-0.014767,0.000000
1.000000,546.000000,0.165162,-0.014556,0.000000
1.000000,547.000000,0.166214,-0.014341,0.000000
1.000000,548.000000,0.167266,-0.014123,0.000000
1.000000,549.000000,0.168318,-0.013902,0.000000
1.000000,550.000000,0.169370,-0.013676,0.000000
1.000000,551.000000,0.170422,-0.013447,0.000000
1.000000,552.000000,0.171474,-0.013215,0.000000
1.000000,553.000000,0.172526,-0.012978,0.000000
1.000000,554.000000,0.173578,-0.012738,0.000000
1.000000,555.000000,0.174630,-0.012494,0.000000
1.000000,556.000000,0.175682,-0.012246,0.000000
1.000000,557.000000,0.176734,-0.011995,0.000000
1.000000,558.000000,0.177786,-0.011740,0.000000
1.000000,559.000000,0.178838,-0.011481,0.000000
1.000000,560.000000,0.179890,-0.011218,0.000000
1.000000,561.000000,0.180942,-0.010951,0.000000
1.000000,562.000000,0.181994,-0.010680,0.000000
1.000000,563.000000,0.183046,-0.010406,0.000000
1.000000,564.000000,0.184098,-0.010127,0.000000
1.000000,565.000000,0.185150,-0.009845,0.000000
1.000000,566.000000,0.186202,-0.009559,0.000000
1.000000,567.000000,0.187254,-0.009268,0.000000
1.000000,568.000000,0.188306,-0.008974,0.000000
1.000000,569.000000,0.189358,-0.008676,0.000000
1.000000,570.000000,0.190410,-0.008373,0.000000
1.000000,571.000000,0.191462,-0.008067,0.000000
1.000000,572.000000,0.192514,-0.007757,0.000000
1.000000,573.000000,0.193566,-0.007442,0.000000
1.000000,574.000000,0.194618,-0.007124,0.000000
1.000000,575.000000,0.195670,-0.006801,0.000000
1.000000,576.000000,0.196722,-0.006474,0.000000
1.000000,577.000000,0.197774,-0.006143,0.000000
1.000000,578.000000,0.198826,-0.005808,0.000000
1.000000,579.000000,0.199878,-0.005469,0.000000
1.000000,580.000000,0.200930,-0.005125,0.000000
1.000000,581.000000,0.201982,-0.004778,0.000000
1.000000,582.000000,0.203034,-0.004426,0.000000
1.000000,583.000000,0.204086,-0.004070,0.000000
1.000000,584.000000,0.205138,-0.003709,0.000000
1.000000,585.000000,0.206190,-0.003344,0.000000
1.000000,586.000000,0.207242,-0.002975,0.000000
1.000000,587.000000,0.208294,-0.002602,0.000000
1.000000,588.000000,0.209346,-0.002224,0.000000
1.000000,589.000000,0.211886,-0.002272,0.000000
1.000000,590.000000,0.212117,-0.002356,0.000000
1.000000,591.000000,0.212348,-0.002435,0.000000
1.000000,592.000000,0.212579,-0.002509,0.000000
1.000000,593.000000,0.212810,-0.002578,0.000000
1.000000,594.000000,0.213041,-0.002644,0.000000
1.000000,595.000000,0.213272,-0.002706,0.000000
1.000000,596.000000,0.213503,-0.002765,0.000000
1.000000,597.000000,0.213734,-0.002821,0.000000
1.000000,598.000000,0.213964,-0.002874,0.000000
1.000000,599.000000,0.214195,-0.002925,0.000000
1.000000,600.000000,0.214426,-0.002973,0.000000
1.000000,601.000000,0.214657,-0.003018,0.000000
1.000000,602.000000,0.214888,-0.003061,0.000000
1.000000,603.000000,0.215119,-0.003103,0.000000
1.000000,604.000000,0.215350,-0.003142,0.000000
1.000000,605.000000,0.215581,-0.003179,0.000000
1.000000,606.000000,0.215812,-0.003214,0.000000
1.000000,607.000000,0.216043,-0.003248,0.000000
1.000000,608.000000,0.216274,-0.003280,0.000000
1.000000,609.000000,0.216505,-0.003310,0.000000
1.000000,610.000000,0.216736,-0.003339,0.000000
1.000000,611.000000,0.216967,-0.003366,0.000000
1.000000,612.000000,0.217197,-0.003392,0.000000
1.000000,613.000000,0.217428,-0.003416,0.000000
1.000000,614.000000,0.217659,-0.003439,0.000000
1.000000,615.000000,0.217890,-0.003461,0.000000
1.000000,616.000000,0.218121,-0.003482,0.000000
1.000000,617.000000,0.218352,-0.003501,0.000000
1.000000,618.000000,0.218583,-0.003519,0.000000
1.000000,619.000000,0.218814,-0.003536,0.000000
1.000000,620.000000,0.219045,-0.003552,0.000000
1.000000,621.000000,0.219276,-0.003566,0.000000
1.000000,622.000000,0.219507,-0.003580,0.000000
1.000000,623.000000,0.219738,-0.003593,0.000000
1.000000,624.000000,0.219969,-0.003605,0.000000
1.000000,625.000000,0.220199,-0.003615,0.000000
1.000000,626.000000,0.220430,-0.003625,0.000000
1.000000,627.000000,0.220661,-0.003634,0.000000
1.000000,628.000000,0.220892,-0.003642,0.000000
1.000000,629.000000,0.221123,-0.003649,0.000000
1.000000,630.000000,0.221354,-0.003655,0.000000
1.000000,631.000000,0.221585,-0.003661,0.000000
1.000000,632.000000,0.221816,-0.003665,0.000000
1.000000,633.000000,0.222047,-0.003669,0.000000
1.000000,634.000000,0.222278,-0.003672,0.000000
1.000000,635.000000,0.222509,-0.003674,0.000000
1.000000,636.000000,0.222740,-0.003676,0.000000
1.000000,637.000000,0.222971,-0.003677,0.000000
1.000000,638.000000,0.223201,-0.003677,0.000000
1.000000,639.000000,0.223432,-0.003676,0.000000
1.000000,640.000000,0.223663,-0.003675,0.000000
1.000000,641.000000,0.223894,-0.003673,0.000000
1.000000,642.000000,0.224125,-0.003670,0.000000
1.000000,643.000000,0.224356,-0.003667,0.000000
1.000000,644.000000,0.224587,-0.003663,0.000000
1.000000,645.000000,0.224818,-0.003659,0.000000
1.000000,646.000000,0.225049,-0.003653,0.000000
1.000000,647.000000,0.225280,-0.003648,0.000000
1.000000,648.000000,0.225511,-0.003641,0.000000
1.000000,649.000000,0.225742,-0.003635,0.000000
1.000000,650.000000,0.225973,-0.003627,0.000000
1.000000,651.000000,0.226203,-0.003619,0.000000
1.000000,652.000000,0.226434,-0.003611,0.000000
1.000000,653.000000,0.226665,-0.003602,0.000000
1.000000,654.000000,0.226896,-0.003592,0.000000
1.000000,655.000000,0.227127,-0.003582,0.000000
1.000000,656.000000,0.227358,-0.003572,0.000000
1.000000,657.000000,0.227589,-0.003560,0.000000
1.000000,658.000000,0.227820,-0.003549,0.000000
1.000000,659.000000,0.228051,-0.003537,0.000000
1.000000,660.000000,0.228282,-0.003525,0.000000
1.000000,661.000000,0.228513,-0.003512,0.000000
1.000000,662.000000,0.228744,-0.003498,0.000000
1.000000,663.000000,0.228975,-0.003484,0.000000
1.000000,664.000000,0.229206,-0.003470,0.000000
1.000000,665.000000,0.229436,-0.003456,0.000000
1.000000,666.000000,0.229667,-0.003440,0.000000
1.000000,667.000000,0.229898,-0.003425,0.000000
1.000000,668.000000,0.230129,-0.003409,0.000000
1.000000,669.000000,0.230360,-0.003393,0.000000
1.000000,670.000000,0.230591,-0.003376,0.000000
1.000000,671.000000,0.230822,-0.003359,0.000000
1.000000,672.000000,0.231053,-0.003342,0.000000
1.000000,673.000000,0.231284,-0.003324,0.000000
1.000000,674.000000,0.231515,-0.003305,0.000000
1.000000,675.000000,0.231746,-0.003287,0.000000
1.000000,676.000000,0.231977,-0.003268,0.000000
1.000000,677.000000,0.232208,-0.003249,0.000000
1.000000,678.000000,0.232438,-0.003229,0.000000
1.000000,679.000000,0.232669,-0.003209,0.000000
1.000000,680.000000,0.232900,-0.003189,0.000000
1.000000,681.000000,0.233131,-0.003168,0.000000
1.000000,682.000000,0.233362,-0.003147,0.000000
1.000000,683.000000,0.233593,-0.003126,0.000000
1.000000,684.000000,0.233824,-0.003104,0.000000
1.000000,685.000000,0.234055,-0.003082,0.000000
1.000000,686.000000,0.234286,-0.003060,0.000000
1.000000,687.000000,0.234517,-0.003038,0.000000
1.000000,688.000000,0.234748,-0.003015,0.000000
1.000000,689.000000,0.234979,-0.002992,0.000000
1.000000,690.000000,0.235210,-0.002968,0.000000
1.000000,691.000000,0.235440,-0.002945,0.000000
1.000000,692.000000,0.235671,-0.002921,0.000000
1.000000,693.000000,0.235902,-0.002896,0.000000
1.000000,694.000000,0.236133,-0.002872,0.000000
1.000000,695.000000,0.236364,-0.002847,0.000000
1.000000,696.000000,0.236595,-0.002822,0.000000
1.000000,697.000000,0.236826,-0.002796,0.000000
1.000000,698.000000,0.237057,-0.002771,0.000000
1.000000,699.000000,0.237288,-0.002745,0.000000
1.000000,700.000000,0.237519,-0.002719,0.000000
1.000000,701.000000,0.237750,-0.002692,0.000000
1.000000,702.000000,0.237981,-0.002665,0.000000
1.000000,703.000000,0.238212,-0.002638,0.000000
1.000000,704.000000,0.238443,-0.002611,0.000000
1.000000,705.000000,0.238673,-0.002584,0.000000
1.000000,706.000000,0.238904,-0.002556,0.000000
1.000000,707.000000,0.239135,-0.002528,0.000000
1.000000,708.000000,0.239366,-0.002500,0.000000
1.000000,709.000000,0.239597,-0.002471,0.000000
1.000000,710.000000,0.239828,-0.002443,0.000000
1.000000,711.000000,0.240059,-0.002414,0.000000
1.000000,712.000000,0.240290,-0.002385,0.000000
1.000000,713.000000,0.240521,-0.002355,0.000000
1.000000,714.000000,0.240752,-0.002326,0.000000
1.000000,715.000000,0.240983,-0.002296,0.000000
1.000000,716.000000,0.241214,-0.002266,0.000000
1.000000,717.000000,0.241445,-0.002236,0.000000
1.000000,718.000000,0.241675,-0.002205,0.000000
1.000000,719.000000,0.241906,-0.002174,0.000000
1.000000,720.000000,0.242137,-0.002143,0.000000
1.000000,721.000000,0.242368,-0.002112,0.000000
1.000000,722.000000,0.242599,-0.002081,0.000000
1.000000,723.000000,0.242830,-0.002049,0.000000
1.000000,724.000000,0.243061,-0.002017,0.000000
1.000000,725.000000,0.243292,-0.001985,0.000000
1.000000,726.000000,0.243523,-0.001953,0.000000
1.000000,727.000000,0.243754,-0.001920,0.000000
1.000000,728.000000,0.243985,-0.001887,0.000000
1.000000,729.000000,0.244216,-0.001854,0.000000
1.000000,730.000000,0.244447,-0.001821,0.000000
1.000000,731.000000,0.244677,-0.001788,0.000000
1.000000,732.000000,0.244908,-0.001754,0.000000
1.000000,733.000000,0.245139,-0.001720,0.000000
1.000000,734.000000,0.245370,-0.001686,0.000000
1.000000,735.000000,0.245601,-0.001652,0.000000
1.000000,736.000000,0.245832,-0.001617,0.000000
1.000000,737.000000,0.246063,-0.001583,0.000000
1.000000,738.000000,0.246294,-0.001548,0.000000
1.000000,739.000000,0.246525,-0.001512,0.000000
1.000000,740.000000,0.246756,-0.001477,0.000000
1.000000,741.000000,0.246987,-0.001441,0.000000
1.000000,742.000000,0.247218,-0.001406,0.000000
1.000000,743.000000,0.247449,-0.001369,0.000000
1.000000,744.000000,0.247679,-0.001333,0.000000
1.000000,745.000000,0.247910,-0.001297,0.000000
1.000000,746.000000,0.248141,-0.001260,0.000000
1.000000,747.000000,0.248372,-0.001223,0.000000
1.000000,748.000000,0.248603,-0.001186,0.000000
1.000000,749.000000,0.248834,-0.001148,0.000000
1.000000,750.000000,0.249065,-0.001111,0.000000
1.000000,751.000000,0.249296,-0.001073,0.000000
1.000000,752.000000,0.249527,-0.001035,0.000000
1.000000,753.000000,0.249758,-0.000996,0.000000
1.000000,754.000000,0.249989,-0.000958,0.000000
1.000000,755.000000,0.250220,-0.000919,0.000000
1.000000,756.000000,0.250451,-0.000880,0.000000
1.000000,757.000000,0.250682,-0.000840,0.000000
1.000000,758.000000,0.250912,-0.000801,0.000000
1.000000,759.000000,0.251143,-0.000761,0.000000
1.000000,760.000000,0.251374,-0.000721,0.000000
1.000000,761.000000,0.251605,-0.000681,0.000000
1.000000,762.000000,0.251836,-0.000640,0.000000
1.000000,763.000000,0.252067,-0.000599,0.000000
1.000000,764.000000,0.252298,-0.000558,0.000000
1.000000,765.000000,0.252529,-0.000517,0.000000
1.000000,766.000000,0.252760,-0.000475,0.000000
1.000000,767.000000,0.252991,-0.000433,0.000000
1.000000,768.000000,0.253222,-0.000391,0.000000
1.000000,769.000000,0.253453,-0.000349,0.000000
1.000000,770.000000,0.253684,-0.000306,0.000000
1.000000,771.000000,0.253914,-0.000263,0.000000
1.000000,772.000000,0.254145,-0.000220,0.000000
1.000000,773.000000,0.254376,-0.000177,0.000000
1.000000,774.000000,0.254607,-0.000133,0.000000
1.000000,775.000000,0.254838,-0.000089,0.000000
1.000000,776.000000,0.255069,-0.000045,0.000000
